"year","value","sex","risk","race","age","location_code"
2008,1156,"all","all","all","all","12580"
2009,943,"all","all","all","all","12580"
2010,959,"all","all","all","all","12580"
2011,734,"all","all","all","all","12580"
2012,691,"all","all","all","all","12580"
2013,626,"all","all","all","all","12580"
2014,593,"all","all","all","all","12580"
2015,553,"all","all","all","all","12580"
2016,526,"all","all","all","all","12580"
2017,448,"all","all","all","all","12580"
2007,17364,"all","all","all","all","12580"
2008,15824,"all","all","all","all","12580"
2009,16280,"all","all","all","all","12580"
2010,14153,"all","all","all","all","12580"
2011,13103,"all","all","all","all","12580"
2012,15128,"all","all","all","all","12580"
2013,16467,"all","all","all","all","12580"
2014,16033,"all","all","all","all","12580"
2015,17571,"all","all","all","all","12580"
2016,16621,"all","all","all","all","12580"
2011,217.481481481481,"female","all","all","all","12580"
2013,163.789890981169,"female","all","all","all","12580"
2014,151.105185185185,"female","all","all","all","12580"
2015,146.7539543058,"female","all","all","all","12580"
2016,127.973180076628,"female","all","all","all","12580"
2017,125.968253968254,"female","all","all","all","12580"
2011,516.518518518518,"male","all","all","all","12580"
2013,462.210109018831,"male","all","all","all","12580"
2014,441.894814814815,"male","all","all","all","12580"
2015,406.2460456942,"male","all","all","all","12580"
2016,398.026819923372,"male","all","all","all","12580"
2017,322.031746031746,"male","all","all","all","12580"
2010,5061.5689229926,"female","all","all","all","12580"
2012,5333.97278911565,"female","all","all","all","12580"
2013,5795.16285759949,"female","all","all","all","12580"
2014,5568.27631254622,"female","all","all","all","12580"
2015,6106.52899408284,"female","all","all","all","12580"
2016,5775.28456677101,"female","all","all","all","12580"
2010,9091.4310770074,"male","all","all","all","12580"
2012,9794.02721088435,"male","all","all","all","12580"
2013,10671.8371424005,"male","all","all","all","12580"
2014,10464.7236874538,"male","all","all","all","12580"
2015,11464.4710059172,"male","all","all","all","12580"
2016,10845.715433229,"male","all","all","all","12580"
2011,33.5816993464052,"female","all","all","13-24 years","12580"
2013,17.3716551040634,"female","all","all","13-24 years","12580"
2014,23.72,"female","all","all","13-24 years","12580"
2015,20.4094903339192,"female","all","all","13-24 years","12580"
2016,19.1455938697318,"female","all","all","13-24 years","12580"
2017,18.2857142857143,"female","all","all","13-24 years","12580"
2011,140.723311546841,"male","all","all","13-24 years","12580"
2013,108.572844400396,"male","all","all","13-24 years","12580"
2014,88.7303703703704,"male","all","all","13-24 years","12580"
2015,96.2161687170475,"male","all","all","13-24 years","12580"
2016,91.6973180076628,"male","all","all","13-24 years","12580"
2017,68.0634920634921,"male","all","all","13-24 years","12580"
2011,54.3703703703704,"female","all","all","25-34 years","12580"
2013,30.400396432111,"female","all","all","25-34 years","12580"
2014,43.9259259259259,"female","all","all","25-34 years","12580"
2015,42.7627416520211,"female","all","all","25-34 years","12580"
2016,33.2528735632184,"female","all","all","25-34 years","12580"
2017,22.3492063492063,"female","all","all","25-34 years","12580"
2011,141.522875816993,"male","all","all","25-34 years","12580"
2013,128.426164519326,"male","all","all","25-34 years","12580"
2014,146.712592592593,"male","all","all","25-34 years","12580"
2015,145.782073813708,"male","all","all","25-34 years","12580"
2016,143.088122605364,"male","all","all","25-34 years","12580"
2017,131.047619047619,"male","all","all","25-34 years","12580"
2011,45.5751633986928,"female","all","all","35-44 years","12580"
2013,40.9474727452924,"female","all","all","35-44 years","12580"
2014,33.3837037037037,"female","all","all","35-44 years","12580"
2015,25.2688927943761,"female","all","all","35-44 years","12580"
2016,26.1992337164751,"female","all","all","35-44 years","12580"
2017,29.4603174603175,"female","all","all","35-44 years","12580"
2011,79.9564270152505,"male","all","all","35-44 years","12580"
2013,78.1724479682854,"male","all","all","35-44 years","12580"
2014,80.8237037037037,"male","all","all","35-44 years","12580"
2015,65.115992970123,"male","all","all","35-44 years","12580"
2016,59.4521072796935,"male","all","all","35-44 years","12580"
2017,44.6984126984127,"male","all","all","35-44 years","12580"
2011,59.9673202614379,"female","all","all","45-54 years","12580"
2013,52.1149653121903,"female","all","all","45-54 years","12580"
2014,31.6266666666667,"female","all","all","45-54 years","12580"
2015,34.0158172231986,"female","all","all","45-54 years","12580"
2016,28.2145593869732,"female","all","all","45-54 years","12580"
2017,30.4761904761905,"female","all","all","45-54 years","12580"
2011,106.342047930283,"male","all","all","45-54 years","12580"
2013,80.0336967294351,"male","all","all","45-54 years","12580"
2014,79.0666666666667,"male","all","all","45-54 years","12580"
2015,67.0597539543058,"male","all","all","45-54 years","12580"
2016,49.3754789272031,"male","all","all","45-54 years","12580"
2017,44.6984126984127,"male","all","all","45-54 years","12580"
2011,23.9869281045752,"female","all","all","55+ years","12580"
2013,22.9554013875124,"female","all","all","55+ years","12580"
2014,18.4488888888889,"female","all","all","55+ years","12580"
2015,24.2970123022847,"female","all","all","55+ years","12580"
2016,21.1609195402299,"female","all","all","55+ years","12580"
2017,25.3968253968254,"female","all","all","55+ years","12580"
2011,47.9738562091503,"male","all","all","55+ years","12580"
2013,67.0049554013875,"male","all","all","55+ years","12580"
2014,46.5614814814815,"male","all","all","55+ years","12580"
2015,32.0720562390158,"male","all","all","55+ years","12580"
2016,54.4137931034483,"male","all","all","55+ years","12580"
2017,33.5238095238095,"male","all","all","55+ years","12580"
2010,246.678761304467,"female","all","all","13-24 years","12580"
2012,234.857863843327,"female","all","all","13-24 years","12580"
2013,222.82339779447,"female","all","all","13-24 years","12580"
2014,205.500616218881,"female","all","all","13-24 years","12580"
2015,177.244801352494,"female","all","all","13-24 years","12580"
2016,147.253558561219,"female","all","all","13-24 years","12580"
2010,446.038640723486,"male","all","all","13-24 years","12580"
2012,542.745734818147,"male","all","all","13-24 years","12580"
2013,508.809333546428,"male","all","all","13-24 years","12580"
2014,402.109378851368,"male","all","all","13-24 years","12580"
2015,387.166018596788,"male","all","all","13-24 years","12580"
2016,346.536707814069,"male","all","all","13-24 years","12580"
2010,593.425322006029,"female","all","all","25-34 years","12580"
2012,636.522903066542,"female","all","all","25-34 years","12580"
2013,648.29327153588,"female","all","all","25-34 years","12580"
2014,619.465799852107,"female","all","all","25-34 years","12580"
2015,680.263567202029,"female","all","all","25-34 years","12580"
2016,625.336778689977,"female","all","all","25-34 years","12580"
2010,1013.08950397369,"male","all","all","25-34 years","12580"
2012,1403.33797794723,"male","all","all","25-34 years","12580"
2013,1536.95509029887,"male","all","all","25-34 years","12580"
2014,1580.77397091447,"male","all","all","25-34 years","12580"
2015,1807.10481825866,"male","all","all","25-34 years","12580"
2016,1771.95115468667,"male","all","all","25-34 years","12580"
2010,1470.76393532475,"female","all","all","35-44 years","12580"
2012,1370.97240660486,"female","all","all","35-44 years","12580"
2013,1356.24005114272,"female","all","all","35-44 years","12580"
2014,1244.85950209514,"female","all","all","35-44 years","12580"
2015,1254.57633136095,"female","all","all","35-44 years","12580"
2016,1110.29183155159,"female","all","all","35-44 years","12580"
2010,1768.64017539052,"male","all","all","35-44 years","12580"
2012,1648.15447912667,"male","all","all","35-44 years","12580"
2013,1655.38484896915,"male","all","all","35-44 years","12580"
2014,1584.72590584175,"male","all","all","35-44 years","12580"
2015,1683.33051563821,"male","all","all","35-44 years","12580"
2016,1552.05250723525,"male","all","all","35-44 years","12580"
2010,1871.03513291313,"female","all","all","45-54 years","12580"
2012,1984.25848922047,"female","all","all","45-54 years","12580"
2013,2179.98481700495,"female","all","all","45-54 years","12580"
2014,2028.33060142963,"female","all","all","45-54 years","12580"
2015,2202.19239222316,"female","all","all","45-54 years","12580"
2016,2022.28220424074,"female","all","all","45-54 years","12580"
2010,3568.30912578789,"male","all","all","45-54 years","12580"
2012,3614.15546656427,"male","all","all","45-54 years","12580"
2013,3745.01214639604,"male","all","all","45-54 years","12580"
2014,3525.12595513927,"male","all","all","45-54 years","12580"
2015,3670.65071851226,"male","all","all","45-54 years","12580"
2016,3162.02474750458,"male","all","all","45-54 years","12580"
2010,879.665771444231,"female","all","all","55+ years","12580"
2012,1107.06851719787,"female","all","all","55+ years","12580"
2013,1386.94406264983,"female","all","all","55+ years","12580"
2014,1470.11979295046,"female","all","all","55+ years","12580"
2015,1792.25190194421,"female","all","all","55+ years","12580"
2016,1870.12019372748,"female","all","all","55+ years","12580"
2010,2295.35363113182,"male","all","all","55+ years","12580"
2012,2585.92616161062,"male","all","all","55+ years","12580"
2013,3226.55298066166,"male","all","all","55+ years","12580"
2014,3371.98847670693,"male","all","all","55+ years","12580"
2015,3916.21893491124,"male","all","all","55+ years","12580"
2016,4013.15031598842,"male","all","all","55+ years","12580"
2011,160.486126526082,"female","all","black","all","12580"
2013,141.375381485249,"female","all","black","all","12580"
2014,129.662079510703,"female","all","black","all","12580"
2015,122.10401459854,"female","all","black","all","12580"
2016,96.398406374502,"female","all","black","all","12580"
2017,97.2075471698113,"female","all","black","all","12580"
2011,385.329633740289,"male","all","black","all","12580"
2013,340.06510681587,"male","all","black","all","12580"
2014,347.276758409786,"male","all","black","all","12580"
2015,311.819343065693,"male","all","black","all","12580"
2016,282.908366533865,"male","all","black","all","12580"
2017,229.283018867925,"male","all","black","all","12580"
2011,17.1076581576027,"female","all","hispanic","all","12580"
2013,5.09460834181078,"female","all","hispanic","all","12580"
2014,5.44036697247706,"female","all","hispanic","all","12580"
2015,5.0456204379562,"female","all","hispanic","all","12580"
2016,6.28685258964143,"female","all","hispanic","all","12580"
2017,5.28301886792453,"female","all","hispanic","all","12580"
2011,18.7369589345172,"male","all","hispanic","all","12580"
2013,14.646998982706,"male","all","hispanic","all","12580"
2014,23.5749235474006,"male","all","hispanic","all","12580"
2015,21.1916058394161,"male","all","hispanic","all","12580"
2016,32.4820717131474,"male","all","hispanic","all","12580"
2017,22.188679245283,"male","all","hispanic","all","12580"
2011,41.5471698113207,"female","all","other","all","12580"
2013,21.6520854526958,"female","all","other","all","12580"
2014,19.0412844036697,"female","all","other","all","12580"
2015,18.1642335766423,"female","all","other","all","12580"
2016,25.1474103585657,"female","all","other","all","12580"
2017,26.4150943396226,"female","all","other","all","12580"
2011,110.792452830189,"male","all","other","all","12580"
2013,103.165818921668,"male","all","other","all","12580"
2014,68.0045871559633,"male","all","other","all","12580"
2015,74.6751824817518,"male","all","other","all","12580"
2016,82.7768924302789,"male","all","other","all","12580"
2017,67.622641509434,"male","all","other","all","12580"
2010,4366.3255603862,"female","all","black","all","12580"
2012,4639.29956451983,"female","all","black","all","12580"
2013,5045.10668976695,"female","all","black","all","12580"
2014,4874.02364512767,"female","all","black","all","12580"
2015,5366.06375414281,"female","all","black","all","12580"
2016,5061.56925111797,"female","all","black","all","12580"
2010,7096.87725142567,"male","all","black","all","12580"
2012,7557.06532202613,"male","all","black","all","12580"
2013,8238.5616721623,"male","all","black","all","12580"
2014,8182.5530875456,"male","all","black","all","12580"
2015,8861.2051220247,"male","all","black","all","12580"
2016,8396.86596964162,"male","all","black","all","12580"
2010,87.901868895037,"female","all","hispanic","all","12580"
2012,114.422186568875,"female","all","hispanic","all","12580"
2013,129.762868160733,"female","all","hispanic","all","12580"
2014,159.786933298593,"female","all","hispanic","all","12580"
2015,213.880204880988,"female","all","hispanic","all","12580"
2016,193.669144044845,"female","all","hispanic","all","12580"
2010,292.473491050759,"male","all","hispanic","all","12580"
2012,378.806784322714,"male","all","hispanic","all","12580"
2013,424.260157603532,"male","all","hispanic","all","12580"
2014,461.606696195935,"male","all","hispanic","all","12580"
2015,609.876227779452,"male","all","hispanic","all","12580"
2016,591.476034515337,"male","all","hispanic","all","12580"
2010,588.942521596748,"female","all","other","all","12580"
2012,580.779280311712,"female","all","other","all","12580"
2013,627.647348124965,"female","all","other","all","12580"
2014,547.244137571652,"female","all","other","all","12580"
2015,559.053208797831,"female","all","other","all","12580"
2016,544.367323801726,"female","all","other","all","12580"
2010,1720.47930664559,"male","all","other","all","12580"
2012,1857.62686225075,"male","all","other","all","12580"
2013,2001.66126418152,"male","all","other","all","12580"
2014,1807.78550026055,"male","all","other","all","12580"
2015,1960.92148237421,"male","all","other","all","12580"
2016,1833.0522768785,"male","all","other","all","12580"
2011,0,"female","msm","all","all","12580"
2013,0,"female","msm","all","all","12580"
2014,0,"female","msm","all","all","12580"
2015,0,"female","msm","all","all","12580"
2016,0,"female","msm","all","all","12580"
2017,0,"female","msm","all","all","12580"
2011,361.009793253536,"male","msm","all","all","12580"
2013,319.19801980198,"male","msm","all","all","12580"
2014,324.173333333333,"male","msm","all","all","12580"
2015,284.760984182777,"male","msm","all","all","12580"
2016,243.854406130268,"male","msm","all","all","12580"
2017,235.68253968254,"male","msm","all","all","12580"
2011,34.3438520130577,"female","idu","all","all","12580"
2013,22.3128712871287,"female","idu","all","all","12580"
2014,14.9348148148148,"female","idu","all","all","12580"
2015,20.4094903339192,"female","idu","all","all","12580"
2016,29.2222222222222,"female","idu","all","all","12580"
2017,23.3650793650794,"female","idu","all","all","12580"
2011,46.3242655059848,"male","idu","all","all","12580"
2013,32.849504950495,"male","idu","all","all","12580"
2014,26.3555555555556,"male","idu","all","all","12580"
2015,26.2407732864675,"male","idu","all","all","12580"
2016,40.3065134099617,"male","idu","all","all","12580"
2017,23.3650793650794,"male","idu","all","all","12580"
2011,0,"female","msm_idu","all","all","12580"
2013,0,"female","msm_idu","all","all","12580"
2014,0,"female","msm_idu","all","all","12580"
2015,0,"female","msm_idu","all","all","12580"
2016,0,"female","msm_idu","all","all","12580"
2017,0,"female","msm_idu","all","all","12580"
2011,12.7791077257889,"male","msm_idu","all","all","12580"
2013,13.0158415841584,"male","msm_idu","all","all","12580"
2014,7.90666666666667,"male","msm_idu","all","all","12580"
2015,9.71880492091388,"male","msm_idu","all","all","12580"
2016,53.4061302681992,"male","msm_idu","all","all","12580"
2017,8.12698412698413,"male","msm_idu","all","all","12580"
2011,182.900979325354,"female","heterosexual","all","all","12580"
2013,141.314851485149,"female","heterosexual","all","all","12580"
2014,136.17037037037,"female","heterosexual","all","all","12580"
2015,126.34446397188,"female","heterosexual","all","all","12580"
2016,98.7509578544061,"female","heterosexual","all","all","12580"
2017,102.603174603175,"female","heterosexual","all","all","12580"
2011,96.6420021762786,"male","heterosexual","all","all","12580"
2013,97.3089108910891,"male","heterosexual","all","all","12580"
2014,83.4592592592593,"male","heterosexual","all","all","12580"
2015,85.5254833040422,"male","heterosexual","all","all","12580"
2016,60.4597701149425,"male","heterosexual","all","all","12580"
2017,54.8571428571429,"male","heterosexual","all","all","12580"
2010,0,"female","msm","all","all","12580"
2012,0,"female","msm","all","all","12580"
2013,0,"female","msm","all","all","12580"
2014,0,"female","msm","all","all","12580"
2015,0,"female","msm","all","all","12580"
2016,0,"female","msm","all","all","12580"
2010,3849.68425956374,"male","msm","all","all","12580"
2012,4673.60333571076,"male","msm","all","all","12580"
2013,5092.47962282244,"male","msm","all","all","12580"
2014,5052.54880453537,"male","msm","all","all","12580"
2015,5357.94201183432,"male","msm","all","all","12580"
2016,5406.16897997756,"male","msm","all","all","12580"
2010,2026.84363696153,"female","idu","all","all","12580"
2012,1898.15855598837,"female","idu","all","all","12580"
2013,2054.53699856161,"female","idu","all","all","12580"
2014,1900.88070002465,"female","idu","all","all","12580"
2015,2132.87878275571,"female","idu","all","all","12580"
2016,1898.58921504932,"female","idu","all","all","12580"
2010,3195.78866600899,"male","idu","all","all","12580"
2012,2869.23223788885,"male","idu","all","all","12580"
2013,3093.20984497363,"male","idu","all","all","12580"
2014,2912.57604140991,"male","idu","all","all","12580"
2015,3101.28892645816,"male","idu","all","all","12580"
2016,2772.29366251255,"male","idu","all","all","12580"
2010,0,"female","msm_idu","all","all","12580"
2012,0,"female","msm_idu","all","all","12580"
2013,0,"female","msm_idu","all","all","12580"
2014,0,"female","msm_idu","all","all","12580"
2015,0,"female","msm_idu","all","all","12580"
2016,0,"female","msm_idu","all","all","12580"
2010,596.495505864299,"male","msm_idu","all","all","12580"
2012,603.393646787732,"male","msm_idu","all","all","12580"
2013,674.610995684833,"male","msm_idu","all","all","12580"
2014,731.107961547942,"male","msm_idu","all","all","12580"
2015,1137.73338968724,"male","msm_idu","all","all","12580"
2016,790.260764278542,"male","msm_idu","all","all","12580"
2010,3035.22355584786,"female","heterosexual","all","all","12580"
2012,3436.10687441707,"female","heterosexual","all","all","12580"
2013,3740.62585903788,"female","heterosexual","all","all","12580"
2014,3667.39561252157,"female","heterosexual","all","all","12580"
2015,3973.65021132713,"female","heterosexual","all","all","12580"
2016,3876.69535172169,"female","heterosexual","all","all","12580"
2010,1448.96437575359,"male","heterosexual","all","all","12580"
2012,1647.50534920722,"male","heterosexual","all","all","12580"
2013,1811.53667891961,"male","heterosexual","all","all","12580"
2014,1768.49087996056,"male","heterosexual","all","all","12580"
2015,1867.50667793745,"male","heterosexual","all","all","12580"
2016,1876.99202646034,"male","heterosexual","all","all","12580"
2011,255.582154515778,"all","msm","black","all","12580"
2013,215.071287128713,"all","msm","black","all","12580"
2014,239.835555555556,"all","msm","black","all","12580"
2015,203.1230228471,"all","msm","black","all","12580"
2016,157.195402298851,"all","msm","black","all","12580"
2017,162.539682539683,"all","msm","black","all","12580"
2011,11.9804134929271,"all","msm","hispanic","all","12580"
2013,11.1564356435644,"all","msm","hispanic","all","12580"
2014,18.4488888888889,"all","msm","hispanic","all","12580"
2015,17.493848857645,"all","msm","hispanic","all","12580"
2016,21.1609195402299,"all","msm","hispanic","all","12580"
2017,16.2539682539683,"all","msm","hispanic","all","12580"
2011,93.4472252448313,"all","msm","other","all","12580"
2013,92.970297029703,"all","msm","other","all","12580"
2014,65.8888888888889,"all","msm","other","all","12580"
2015,64.1441124780316,"all","msm","other","all","12580"
2016,65.4980842911878,"all","msm","other","all","12580"
2017,56.8888888888889,"all","msm","other","all","12580"
2011,55.1099020674646,"all","idu","black","all","12580"
2013,39.6673267326733,"all","idu","black","all","12580"
2014,33.3837037037037,"all","idu","black","all","12580"
2015,24.2970123022847,"all","idu","black","all","12580"
2016,39.2988505747126,"all","idu","black","all","12580"
2017,15.2380952380952,"all","idu","black","all","12580"
2011,3.19477693144723,"all","idu","hispanic","all","12580"
2013,1.85940594059406,"all","idu","hispanic","all","12580"
2014,0.878518518518518,"all","idu","hispanic","all","12580"
2015,1.94376098418278,"all","idu","hispanic","all","12580"
2016,4.03065134099617,"all","idu","hispanic","all","12580"
2017,1.01587301587302,"all","idu","hispanic","all","12580"
2011,22.3634385201306,"all","idu","other","all","12580"
2013,13.6356435643564,"all","idu","other","all","12580"
2014,7.02814814814815,"all","idu","other","all","12580"
2015,20.4094903339192,"all","idu","other","all","12580"
2016,26.1992337164751,"all","idu","other","all","12580"
2017,30.4761904761905,"all","idu","other","all","12580"
2011,7.98694232861806,"all","msm_idu","black","all","12580"
2013,8.05742574257426,"all","msm_idu","black","all","12580"
2014,6.14962962962963,"all","msm_idu","black","all","12580"
2015,5.83128295254833,"all","msm_idu","black","all","12580"
2016,44.3371647509579,"all","msm_idu","black","all","12580"
2017,4.06349206349206,"all","msm_idu","black","all","12580"
2011,0,"all","msm_idu","hispanic","all","12580"
2013,0.61980198019802,"all","msm_idu","hispanic","all","12580"
2014,0.878518518518518,"all","msm_idu","hispanic","all","12580"
2015,0,"all","msm_idu","hispanic","all","12580"
2016,2.01532567049808,"all","msm_idu","hispanic","all","12580"
2017,0,"all","msm_idu","hispanic","all","12580"
2011,4.79216539717084,"all","msm_idu","other","all","12580"
2013,4.33861386138614,"all","msm_idu","other","all","12580"
2014,0.878518518518518,"all","msm_idu","other","all","12580"
2015,3.88752196836555,"all","msm_idu","other","all","12580"
2016,7.0536398467433,"all","msm_idu","other","all","12580"
2017,4.06349206349206,"all","msm_idu","other","all","12580"
2011,216.446137105549,"all","heterosexual","black","all","12580"
2013,205.774257425743,"all","heterosexual","black","all","12580"
2014,183.61037037037,"all","heterosexual","black","all","12580"
2015,184.657293497364,"all","heterosexual","black","all","12580"
2016,123.942528735632,"all","heterosexual","black","all","12580"
2017,133.079365079365,"all","heterosexual","black","all","12580"
2011,19.9673558215452,"all","heterosexual","hispanic","all","12580"
2013,6.1980198019802,"all","heterosexual","hispanic","all","12580"
2014,7.90666666666667,"all","heterosexual","hispanic","all","12580"
2015,5.83128295254833,"all","heterosexual","hispanic","all","12580"
2016,10.0766283524904,"all","heterosexual","hispanic","all","12580"
2017,9.14285714285714,"all","heterosexual","hispanic","all","12580"
2011,43.1294885745375,"all","heterosexual","other","all","12580"
2013,26.6514851485149,"all","heterosexual","other","all","12580"
2014,28.1125925925926,"all","heterosexual","other","all","12580"
2015,21.3813708260105,"all","heterosexual","other","all","12580"
2016,25.1915708812261,"all","heterosexual","other","all","12580"
2017,15.2380952380952,"all","heterosexual","other","all","12580"
2010,2445.70914172969,"all","msm","black","all","12580"
2012,2963.0196960553,"all","msm","black","all","12580"
2013,3209.88508870066,"all","msm","black","all","12580"
2014,3256.39438008381,"all","msm","black","all","12580"
2015,3313.19053254438,"all","msm","black","all","12580"
2016,3435.91636642844,"all","msm","black","all","12580"
2010,152.032664693631,"all","msm","hispanic","all","12580"
2012,210.814286498052,"all","msm","hispanic","all","12580"
2013,237.73677481221,"all","msm","hispanic","all","12580"
2014,265.767623859995,"all","msm","hispanic","all","12580"
2015,331.715131022823,"all","msm","hispanic","all","12580"
2016,337.701494300396,"all","msm","hispanic","all","12580"
2010,1251.94245314041,"all","msm","other","all","12580"
2012,1499.7693531574,"all","msm","other","all","12580"
2013,1644.85775930957,"all","msm","other","all","12580"
2014,1530.38680059157,"all","msm","other","all","12580"
2015,1713.03634826712,"all","msm","other","all","12580"
2016,1632.55111924872,"all","msm","other","all","12580"
2010,4421.35810588622,"all","idu","black","all","12580"
2012,4014.60119602787,"all","idu","black","all","12580"
2013,4316.98401789995,"all","idu","black","all","12580"
2014,4048.75733300468,"all","idu","black","all","12580"
2015,4347.94370245139,"all","idu","black","all","12580"
2016,3858.04323430394,"all","idu","black","all","12580"
2010,81.4460703715883,"all","idu","hispanic","all","12580"
2012,85.4876831074779,"all","idu","hispanic","all","12580"
2013,90.3575195780726,"all","idu","hispanic","all","12580"
2014,86.9425684002958,"all","idu","hispanic","all","12580"
2015,115.852747252747,"all","idu","hispanic","all","12580"
2016,100.132419821629,"all","idu","hispanic","all","12580"
2010,719.828126712704,"all","idu","other","all","12580"
2012,667.301914741866,"all","idu","other","all","12580"
2013,740.405306057216,"all","idu","other","all","12580"
2014,677.756840029578,"all","idu","other","all","12580"
2015,770.371259509721,"all","idu","other","all","12580"
2016,712.7072234363,"all","idu","other","all","12580"
2010,459.200701523622,"all","msm_idu","black","all","12580"
2012,442.378010643551,"all","msm_idu","black","all","12580"
2013,486.000639284002,"all","msm_idu","black","all","12580"
2014,548.330971160956,"all","msm_idu","black","all","12580"
2015,845.626035502959,"all","msm_idu","black","all","12580"
2016,579.197330340795,"all","msm_idu","black","all","12580"
2010,14.7378603529541,"all","msm_idu","hispanic","all","12580"
2012,19.0894826356504,"all","msm_idu","hispanic","all","12580"
2013,25.4404666773214,"all","msm_idu","hispanic","all","12580"
2014,23.711609563717,"all","msm_idu","hispanic","all","12580"
2015,50.4999154691462,"all","msm_idu","hispanic","all","12580"
2016,39.2676156163251,"all","msm_idu","hispanic","all","12580"
2010,122.556943987723,"all","msm_idu","other","all","12580"
2012,141.926153508531,"all","msm_idu","other","all","12580"
2013,163.16988972351,"all","msm_idu","other","all","12580"
2014,159.065380823268,"all","msm_idu","other","all","12580"
2015,241.607438715131,"all","msm_idu","other","all","12580"
2016,171.795818321422,"all","msm_idu","other","all","12580"
2010,3800.04094048011,"all","heterosexual","black","all","12580"
2012,4257.78460525594,"all","heterosexual","black","all","12580"
2013,4650.34185712003,"all","heterosexual","black","all","12580"
2014,4498.28993098348,"all","heterosexual","black","all","12580"
2015,4799.47235841082,"all","heterosexual","black","all","12580"
2016,4747.4547280137,"all","heterosexual","black","all","12580"
2010,121.00559026636,"all","heterosexual","hispanic","all","12580"
2012,156.865748614692,"all","heterosexual","hispanic","all","12580"
2013,173.696979383091,"all","heterosexual","hispanic","all","12580"
2014,212.416502341632,"all","heterosexual","hispanic","all","12580"
2015,272.303465765004,"all","heterosexual","hispanic","all","12580"
2016,259.166263067746,"all","heterosexual","hispanic","all","12580"
2010,563.141400854982,"all","heterosexual","other","all","12580"
2012,668.961869753662,"all","heterosexual","other","all","12580"
2013,728.123701454371,"all","heterosexual","other","all","12580"
2014,725.180059157013,"all","heterosexual","other","all","12580"
2015,769.381065088757,"all","heterosexual","other","all","12580"
2016,747.066387100585,"all","heterosexual","other","all","12580"
2009,80,"female","all","all","all","12580"
2010,7,"female","all","all","all","12580"
2012,1,"female","all","all","all","12580"
2013,19,"female","all","all","all","12580"
2014,153,"female","all","all","all","12580"
2015,103,"female","all","all","all","12580"
2016,80,"female","all","all","all","12580"
2009,219,"male","all","all","all","12580"
2010,182,"male","all","all","all","12580"
2012,274,"male","all","all","all","12580"
2013,138,"male","all","all","all","12580"
2014,272,"male","all","all","all","12580"
2015,187,"male","all","all","all","12580"
2016,176,"male","all","all","all","12580"
2009,299,"all","all","all","all","12580"
2010,189,"all","all","all","all","12580"
2012,275,"all","all","all","all","12580"
2013,157,"all","all","all","all","12580"
2014,425,"all","all","all","all","12580"
2015,290,"all","all","all","all","12580"
2016,256,"all","all","all","all","12580"
2011,174.305010893246,"all","all","all","13-24 years","12580"
2013,125.94449950446,"all","all","all","13-24 years","12580"
2014,112.45037037037,"all","all","all","13-24 years","12580"
2015,116.625659050967,"all","all","all","13-24 years","12580"
2016,110.842911877395,"all","all","all","13-24 years","12580"
2017,86.3492063492063,"all","all","all","13-24 years","12580"
2011,195.893246187364,"all","all","all","25-34 years","12580"
2013,158.826560951437,"all","all","all","25-34 years","12580"
2014,190.638518518519,"all","all","all","25-34 years","12580"
2015,188.544815465729,"all","all","all","25-34 years","12580"
2016,176.340996168582,"all","all","all","25-34 years","12580"
2017,153.396825396825,"all","all","all","25-34 years","12580"
2011,125.531590413943,"all","all","all","35-44 years","12580"
2013,119.119920713578,"all","all","all","35-44 years","12580"
2014,114.207407407407,"all","all","all","35-44 years","12580"
2015,90.3848857644991,"all","all","all","35-44 years","12580"
2016,85.6513409961686,"all","all","all","35-44 years","12580"
2017,74.1587301587302,"all","all","all","35-44 years","12580"
2011,166.309368191721,"all","all","all","45-54 years","12580"
2013,132.148662041625,"all","all","all","45-54 years","12580"
2014,110.693333333333,"all","all","all","45-54 years","12580"
2015,101.075571177504,"all","all","all","45-54 years","12580"
2016,77.5900383141763,"all","all","all","45-54 years","12580"
2017,75.1746031746032,"all","all","all","45-54 years","12580"
2011,71.9607843137255,"all","all","all","55+ years","12580"
2013,89.9603567888999,"all","all","all","55+ years","12580"
2014,65.0103703703704,"all","all","all","55+ years","12580"
2015,56.3690685413005,"all","all","all","55+ years","12580"
2016,75.5747126436782,"all","all","all","55+ years","12580"
2017,58.9206349206349,"all","all","all","55+ years","12580"
2010,692.717402027953,"all","all","all","13-24 years","12580"
2012,777.603598661473,"all","all","all","13-24 years","12580"
2013,731.632731340898,"all","all","all","13-24 years","12580"
2014,607.609995070249,"all","all","all","13-24 years","12580"
2015,564.410819949282,"all","all","all","13-24 years","12580"
2016,493.790266375288,"all","all","all","13-24 years","12580"
2010,1606.51482597972,"all","all","all","25-34 years","12580"
2012,2039.86088101377,"all","all","all","25-34 years","12580"
2013,2185.24836183475,"all","all","all","25-34 years","12580"
2014,2200.23977076658,"all","all","all","25-34 years","12580"
2015,2487.36838546069,"all","all","all","25-34 years","12580"
2016,2397.28793337665,"all","all","all","25-34 years","12580"
2010,3239.40411071526,"all","all","all","35-44 years","12580"
2012,3019.12688573153,"all","all","all","35-44 years","12580"
2013,3011.62490011187,"all","all","all","35-44 years","12580"
2014,2829.5854079369,"all","all","all","35-44 years","12580"
2015,2937.90684699915,"all","all","all","35-44 years","12580"
2016,2662.34433878684,"all","all","all","35-44 years","12580"
2010,5439.34425870101,"all","all","all","45-54 years","12580"
2012,5598.41395578474,"all","all","all","45-54 years","12580"
2013,5924.99696340099,"all","all","all","45-54 years","12580"
2014,5553.45655656889,"all","all","all","45-54 years","12580"
2015,5872.84311073542,"all","all","all","45-54 years","12580"
2016,5184.30695174532,"all","all","all","45-54 years","12580"
2010,3175.01940257605,"all","all","all","55+ years","12580"
2012,3692.99467880849,"all","all","all","55+ years","12580"
2013,4613.49704331149,"all","all","all","55+ years","12580"
2014,4842.10826965738,"all","all","all","55+ years","12580"
2015,5708.47083685545,"all","all","all","55+ years","12580"
2016,5883.27050971591,"all","all","all","55+ years","12580"
2011,535.12513601741,"all","all","black","all","12580"
2013,468.570297029703,"all","all","black","all","12580"
2014,462.979259259259,"all","all","black","all","12580"
2015,417.908611599297,"all","all","black","all","12580"
2016,364.773946360153,"all","all","black","all","12580"
2017,314.920634920635,"all","all","black","all","12580"
2011,35.1425462459195,"all","all","hispanic","all","12580"
2013,19.8336633663366,"all","all","hispanic","all","12580"
2014,28.1125925925926,"all","all","hispanic","all","12580"
2015,25.2688927943761,"all","all","hispanic","all","12580"
2016,37.2835249042146,"all","all","hispanic","all","12580"
2017,26.4126984126984,"all","all","hispanic","all","12580"
2011,163.73231773667,"all","all","other","all","12580"
2013,137.59603960396,"all","all","other","all","12580"
2014,101.908148148148,"all","all","other","all","12580"
2015,109.822495606327,"all","all","other","all","12580"
2016,123.942528735632,"all","all","other","all","12580"
2017,106.666666666667,"all","all","other","all","12580"
2010,11126.3088896196,"all","all","black","all","12580"
2012,11677.7835079827,"all","all","black","all","12580"
2013,12663.2116030046,"all","all","black","all","12580"
2014,12351.7726152329,"all","all","black","all","12580"
2015,13306.2326289096,"all","all","black","all","12580"
2016,12620.6116590869,"all","all","black","all","12580"
2010,369.222185684534,"all","all","hispanic","all","12580"
2012,472.257200855873,"all","all","hispanic","all","12580"
2013,527.231740450695,"all","all","hispanic","all","12580"
2014,588.83830416564,"all","all","hispanic","all","12580"
2015,770.371259509721,"all","all","hispanic","all","12580"
2016,736.267792806095,"all","all","hispanic","all","12580"
2010,2657.46892469582,"all","all","other","all","12580"
2012,2977.95929116146,"all","all","other","all","12580"
2013,3276.55665654467,"all","all","other","all","12580"
2014,3092.38908060143,"all","all","other","all","12580"
2015,3494.39611158073,"all","all","other","all","12580"
2016,3264.12054810702,"all","all","other","all","12580"
2011,361.009793253536,"all","msm","all","all","12580"
2013,319.19801980198,"all","msm","all","all","12580"
2014,324.173333333333,"all","msm","all","all","12580"
2015,284.760984182777,"all","msm","all","all","12580"
2016,243.854406130268,"all","msm","all","all","12580"
2017,235.68253968254,"all","msm","all","all","12580"
2011,80.6681175190424,"all","idu","all","all","12580"
2013,55.1623762376238,"all","idu","all","all","12580"
2014,41.2903703703704,"all","idu","all","all","12580"
2015,46.6502636203866,"all","idu","all","all","12580"
2016,69.5287356321839,"all","idu","all","all","12580"
2017,46.7301587301587,"all","idu","all","all","12580"
2011,12.7791077257889,"all","msm_idu","all","all","12580"
2013,13.0158415841584,"all","msm_idu","all","all","12580"
2014,7.90666666666667,"all","msm_idu","all","all","12580"
2015,9.71880492091388,"all","msm_idu","all","all","12580"
2016,53.4061302681992,"all","msm_idu","all","all","12580"
2017,8.12698412698413,"all","msm_idu","all","all","12580"
2011,279.542981501632,"all","heterosexual","all","all","12580"
2013,238.623762376238,"all","heterosexual","all","all","12580"
2014,219.62962962963,"all","heterosexual","all","all","12580"
2015,211.869947275923,"all","heterosexual","all","all","12580"
2016,159.210727969349,"all","heterosexual","all","all","12580"
2017,157.460317460317,"all","heterosexual","all","all","12580"
2010,3849.68425956374,"all","msm","all","all","12580"
2012,4673.60333571076,"all","msm","all","all","12580"
2013,5092.47962282244,"all","msm","all","all","12580"
2014,5052.54880453537,"all","msm","all","all","12580"
2015,5357.94201183432,"all","msm","all","all","12580"
2016,5406.16897997756,"all","msm","all","all","12580"
2010,5222.63230297051,"all","idu","all","all","12580"
2012,4767.39079387721,"all","idu","all","all","12580"
2013,5147.74684353524,"all","idu","all","all","12580"
2014,4813.45674143456,"all","idu","all","all","12580"
2015,5234.16770921386,"all","idu","all","all","12580"
2016,4670.88287756187,"all","idu","all","all","12580"
2010,596.495505864299,"all","msm_idu","all","all","12580"
2012,603.393646787732,"all","msm_idu","all","all","12580"
2013,674.610995684833,"all","msm_idu","all","all","12580"
2014,731.107961547942,"all","msm_idu","all","all","12580"
2015,1137.73338968724,"all","msm_idu","all","all","12580"
2016,790.260764278542,"all","msm_idu","all","all","12580"
2010,4484.18793160145,"all","heterosexual","all","all","12580"
2012,5083.61222362429,"all","heterosexual","all","all","12580"
2013,5552.16253795749,"all","heterosexual","all","all","12580"
2014,5435.88649248213,"all","heterosexual","all","all","12580"
2015,5841.15688926458,"all","heterosexual","all","all","12580"
2016,5753.68737818203,"all","heterosexual","all","all","12580"
2010,0.823,"all","all","all","all","12580"
2011,0.835,"all","all","all","all","12580"
2012,0.835,"all","all","all","all","12580"
2013,0.834,"all","all","all","all","12580"
2014,0.853,"all","all","all","all","12580"
2015,0.883,"all","all","all","all","12580"
2016,0.862,"all","all","all","all","12580"
2008,2139,"all","all","all","all","47900"
2009,1774,"all","all","all","all","47900"
2010,1800,"all","all","all","all","47900"
2011,1498,"all","all","all","all","47900"
2012,1420,"all","all","all","all","47900"
2013,1370,"all","all","all","all","47900"
2014,1254,"all","all","all","all","47900"
2015,1187,"all","all","all","all","47900"
2016,1128,"all","all","all","all","47900"
2017,932,"all","all","all","all","47900"
2007,28131,"all","all","all","all","47900"
2008,25724,"all","all","all","all","47900"
2009,26963,"all","all","all","all","47900"
2010,26322,"all","all","all","all","47900"
2011,26152,"all","all","all","all","47900"
2012,28656,"all","all","all","all","47900"
2013,29482,"all","all","all","all","47900"
2014,28405,"all","all","all","all","47900"
2015,31143,"all","all","all","all","47900"
2016,31115,"all","all","all","all","47900"
2011,420.450920245399,"female","all","all","all","47900"
2013,376.767219708396,"female","all","all","all","47900"
2014,327.004615384615,"female","all","all","all","47900"
2015,313.837793998378,"female","all","all","all","47900"
2016,311.723649247121,"female","all","all","all","47900"
2017,249.941454202077,"female","all","all","all","47900"
2011,1077.5490797546,"male","all","all","all","47900"
2013,993.232780291604,"male","all","all","all","47900"
2014,926.995384615385,"male","all","all","all","47900"
2015,873.162206001622,"male","all","all","all","47900"
2016,816.276350752879,"male","all","all","all","47900"
2017,682.058545797923,"male","all","all","all","47900"
2010,7899.08749633395,"female","all","all","all","47900"
2012,8598.34046111576,"female","all","all","all","47900"
2013,8886.96501658053,"female","all","all","all","47900"
2014,8697.41092146651,"female","all","all","all","47900"
2015,9542.2366532721,"female","all","all","all","47900"
2016,9688.80128076846,"female","all","all","all","47900"
2010,18422.912503666,"male","all","all","all","47900"
2012,20057.6595388842,"male","all","all","all","47900"
2013,20595.0349834195,"male","all","all","all","47900"
2014,19707.5890785335,"male","all","all","all","47900"
2015,21600.7633467279,"male","all","all","all","47900"
2016,21426.1987192315,"male","all","all","all","47900"
2011,68.9263803680982,"female","all","all","13-24 years","47900"
2013,44.7712418300654,"female","all","all","13-24 years","47900"
2014,31.8568129330254,"female","all","all","13-24 years","47900"
2015,37.5450121654501,"female","all","all","13-24 years","47900"
2016,28.9743135518158,"female","all","all","13-24 years","47900"
2017,24.6421152030217,"female","all","all","13-24 years","47900"
2011,204.481595092025,"male","all","all","13-24 years","47900"
2013,197.682252388135,"male","all","all","13-24 years","47900"
2014,189.210161662818,"male","all","all","13-24 years","47900"
2015,196.389294403893,"male","all","all","13-24 years","47900"
2016,169.849424269265,"male","all","all","13-24 years","47900"
2017,161.053824362606,"male","all","all","13-24 years","47900"
2011,92.6676891615542,"female","all","all","25-34 years","47900"
2013,99.8743086978381,"female","all","all","25-34 years","47900"
2014,80.1247113163972,"female","all","all","25-34 years","47900"
2015,76.0527169505272,"female","all","all","25-34 years","47900"
2016,65.9415411868911,"female","all","all","25-34 years","47900"
2017,67.7658168083097,"female","all","all","25-34 years","47900"
2011,294.851738241309,"male","all","all","25-34 years","47900"
2013,318.220211161388,"male","all","all","25-34 years","47900"
2014,309.879907621247,"male","all","all","25-34 years","47900"
2015,314.800486618005,"male","all","all","25-34 years","47900"
2016,310.724534986714,"male","all","all","25-34 years","47900"
2017,259.622285174693,"male","all","all","25-34 years","47900"
2011,117.174846625767,"female","all","all","35-44 years","47900"
2013,105.384615384615,"female","all","all","35-44 years","47900"
2014,95.5704387990762,"female","all","all","35-44 years","47900"
2015,86.6423357664234,"female","all","all","35-44 years","47900"
2016,89.9202834366696,"female","all","all","35-44 years","47900"
2017,68.6458923512748,"female","all","all","35-44 years","47900"
2011,235.881390593047,"male","all","all","35-44 years","47900"
2013,205.947712418301,"male","all","all","35-44 years","47900"
2014,201.759815242494,"male","all","all","35-44 years","47900"
2015,177.135442011354,"male","all","all","35-44 years","47900"
2016,150.866253321523,"male","all","all","35-44 years","47900"
2017,132.891406987724,"male","all","all","35-44 years","47900"
2011,88.838445807771,"female","all","all","45-54 years","47900"
2013,85.4097536450478,"female","all","all","45-54 years","47900"
2014,67.5750577367206,"female","all","all","45-54 years","47900"
2015,72.2019464720195,"female","all","all","45-54 years","47900"
2016,72.9353410097431,"female","all","all","45-54 years","47900"
2017,45.7639282341832,"female","all","all","45-54 years","47900"
2011,238.178936605317,"male","all","all","45-54 years","47900"
2013,176.329813976873,"male","all","all","45-54 years","47900"
2014,139.011547344111,"male","all","all","45-54 years","47900"
2015,108.784266017843,"male","all","all","45-54 years","47900"
2016,105.906111603189,"male","all","all","45-54 years","47900"
2017,77.4466477809254,"male","all","all","45-54 years","47900"
2011,52.8435582822086,"female","all","all","55+ years","47900"
2013,41.3273001508296,"female","all","all","55+ years","47900"
2014,52.1293302540416,"female","all","all","55+ years","47900"
2015,41.3957826439578,"female","all","all","55+ years","47900"
2016,53.9521700620018,"female","all","all","55+ years","47900"
2017,43.123701605288,"female","all","all","55+ years","47900"
2011,104.155419222904,"male","all","all","55+ years","47900"
2013,95.052790346908,"male","all","all","55+ years","47900"
2014,86.8822170900693,"male","all","all","55+ years","47900"
2015,76.0527169505272,"male","all","all","55+ years","47900"
2016,78.9300265721878,"male","all","all","55+ years","47900"
2017,51.0443814919736,"male","all","all","55+ years","47900"
2010,343.960699970672,"female","all","all","13-24 years","47900"
2012,385.982618044978,"female","all","all","13-24 years","47900"
2013,361.126314531549,"female","all","all","13-24 years","47900"
2014,317.840715722168,"female","all","all","13-24 years","47900"
2015,297.962112514351,"female","all","all","13-24 years","47900"
2016,305.110066039624,"female","all","all","13-24 years","47900"
2010,777.985922377554,"male","all","all","13-24 years","47900"
2012,856.693127855927,"male","all","all","13-24 years","47900"
2013,832.352115200765,"male","all","all","13-24 years","47900"
2014,780.68710359408,"male","all","all","13-24 years","47900"
2015,865.579936854191,"male","all","all","13-24 years","47900"
2016,800.135581348809,"male","all","all","13-24 years","47900"
2010,1386.13588816111,"female","all","all","25-34 years","47900"
2012,1252.08995609712,"female","all","all","25-34 years","47900"
2013,1199.64400095602,"female","all","all","25-34 years","47900"
2014,1064.83963285722,"female","all","all","25-34 years","47900"
2015,1077.13303673938,"female","all","all","25-34 years","47900"
2016,1102.13227936762,"female","all","all","25-34 years","47900"
2010,2574.12982696256,"male","all","all","25-34 years","47900"
2012,2997.1421915599,"male","all","all","25-34 years","47900"
2013,3084.54720363289,"male","all","all","25-34 years","47900"
2014,3103.70726550817,"male","all","all","25-34 years","47900"
2015,3633.64796211251,"male","all","all","25-34 years","47900"
2016,3826.32929757855,"male","all","all","25-34 years","47900"
2010,2460.90585589989,"female","all","all","35-44 years","47900"
2012,2513.59412239047,"female","all","all","35-44 years","47900"
2013,2561.35444550669,"female","all","all","35-44 years","47900"
2014,2475.34935285928,"female","all","all","35-44 years","47900"
2015,2663.7812858783,"female","all","all","35-44 years","47900"
2016,2594.99224534721,"female","all","all","35-44 years","47900"
2010,4607.87251930785,"male","all","all","35-44 years","47900"
2012,4277.47477824568,"male","all","all","35-44 years","47900"
2013,4210.2043499044,"male","all","all","35-44 years","47900"
2014,3992.78244727479,"male","all","all","35-44 years","47900"
2015,4184.87787026406,"male","all","all","35-44 years","47900"
2016,4190.59335601361,"male","all","all","35-44 years","47900"
2010,2392.28526737707,"female","all","all","45-54 years","47900"
2012,2688.1849296658,"female","all","all","45-54 years","47900"
2013,2775.38784655832,"female","all","all","45-54 years","47900"
2014,2753.64306708606,"female","all","all","45-54 years","47900"
2015,3057.09127439724,"female","all","all","45-54 years","47900"
2016,3113.36802081249,"female","all","all","45-54 years","47900"
2010,6479.49907126796,"male","all","all","45-54 years","47900"
2012,6993.90233850013,"male","all","all","45-54 years","47900"
2013,7074.55258126195,"male","all","all","45-54 years","47900"
2014,6466.66709637498,"male","all","all","45-54 years","47900"
2015,6879.94517795637,"male","all","all","45-54 years","47900"
2016,6341.93065839504,"male","all","all","45-54 years","47900"
2010,1315.79978492521,"female","all","all","55+ years","47900"
2012,1757.88979482125,"female","all","all","55+ years","47900"
2013,1989.71791347992,"female","all","all","55+ years","47900"
2014,2085.73815294178,"female","all","all","55+ years","47900"
2015,2446.26894374282,"female","all","all","55+ years","47900"
2016,2573.19866920152,"female","all","all","55+ years","47900"
2010,3983.42516375012,"male","all","all","55+ years","47900"
2012,4933.04614281874,"male","all","all","55+ years","47900"
2013,5393.1132289675,"male","all","all","55+ years","47900"
2014,5363.74516578147,"male","all","all","55+ years","47900"
2015,6036.71239954076,"male","all","all","55+ years","47900"
2016,6267.20982589554,"male","all","all","55+ years","47900"
2011,375.856182100362,"female","all","black","all","47900"
2013,478,"female","all","black","all","47900"
2014,285,"female","all","black","all","47900"
2015,288.383913764511,"female","all","black","all","47900"
2016,272.804347826087,"female","all","black","all","47900"
2017,213.261927945472,"female","all","black","all","47900"
2011,715.289187790998,"male","all","black","all","47900"
2015,546.256218905473,"male","all","black","all","47900"
2016,518.021739130435,"male","all","black","all","47900"
2017,429.246348588121,"male","all","black","all","47900"
2011,24.7987584066218,"female","all","hispanic","all","47900"
2013,30,"female","all","hispanic","all","47900"
2014,24,"female","all","hispanic","all","47900"
2015,14.7636815920398,"female","all","hispanic","all","47900"
2016,22.4782608695652,"female","all","hispanic","all","47900"
2017,17.2424537487829,"female","all","hispanic","all","47900"
2011,139.493016037248,"male","all","hispanic","all","47900"
2013,159,"male","all","hispanic","all","47900"
2014,135,"male","all","hispanic","all","47900"
2015,161.416252072968,"male","all","hispanic","all","47900"
2016,139.978260869565,"male","all","hispanic","all","47900"
2017,125.234664070107,"male","all","hispanic","all","47900"
2011,20.1489912053802,"female","all","other","all","47900"
2013,30,"female","all","other","all","47900"
2014,25,"female","all","other","all","47900"
2015,13.7794361525705,"female","all","other","all","47900"
2016,19.4130434782609,"female","all","other","all","47900"
2017,22.6874391431354,"female","all","other","all","47900"
2011,222.41386445939,"male","all","other","all","47900"
2014,216,"male","all","other","all","47900"
2015,162.400497512438,"male","all","other","all","47900"
2016,155.304347826087,"male","all","other","all","47900"
2017,124.327166504382,"male","all","other","all","47900"
2010,6863.36923178198,"female","all","black","all","47900"
2012,7473.86731521103,"female","all","black","all","47900"
2013,7739.99375289934,"female","all","black","all","47900"
2014,7299.25938859937,"female","all","black","all","47900"
2015,8014.55827294686,"female","all","black","all","47900"
2016,8161.95578947368,"female","all","black","all","47900"
2010,11593.7398459614,"male","all","black","all","47900"
2012,12533.1955792261,"male","all","black","all","47900"
2013,12808.5089222205,"male","all","black","all","47900"
2014,11874.4589802826,"male","all","black","all","47900"
2015,12955.876660628,"male","all","black","all","47900"
2016,12979.8678947368,"male","all","black","all","47900"
2010,426.253176222763,"female","all","hispanic","all","47900"
2012,517.842317519934,"female","all","hispanic","all","47900"
2013,558.913437451678,"female","all","hispanic","all","47900"
2014,625.694407134798,"female","all","hispanic","all","47900"
2015,797.694595410628,"female","all","hispanic","all","47900"
2016,807.352368421053,"female","all","hispanic","all","47900"
2010,1701.54723191363,"male","all","hispanic","all","47900"
2012,2113.71412738971,"male","all","hispanic","all","47900"
2013,2268.47737745477,"male","all","hispanic","all","47900"
2014,2527.19497125665,"male","all","hispanic","all","47900"
2015,3084.21014492754,"male","all","hispanic","all","47900"
2016,3083.66026315789,"male","all","hispanic","all","47900"
2010,622.052399447041,"female","all","other","all","47900"
2012,658.109657359234,"female","all","other","all","47900"
2013,655.560785526519,"female","all","other","all","47900"
2014,830.189652393488,"female","all","other","all","47900"
2015,835.306914251208,"female","all","other","all","47900"
2016,830.279210526316,"female","all","other","all","47900"
2010,5115.03811467316,"male","all","other","all","47900"
2012,5359.27100329403,"male","all","other","all","47900"
2013,5450.54572444719,"male","all","other","all","47900"
2014,5248.2026003331,"male","all","other","all","47900"
2015,5455.35341183575,"male","all","other","all","47900"
2016,5251.88447368421,"male","all","other","all","47900"
2011,0,"female","msm","all","all","47900"
2013,0,"female","msm","all","all","47900"
2014,0,"female","msm","all","all","47900"
2015,0,"female","msm","all","all","47900"
2016,0,"female","msm","all","all","47900"
2017,0,"female","msm","all","all","47900"
2011,787.292433537832,"male","msm","all","all","47900"
2013,760.72864321608,"male","msm","all","all","47900"
2014,749.893927747886,"male","msm","all","all","47900"
2015,696.821862348178,"male","msm","all","all","47900"
2016,617.904424778761,"male","msm","all","all","47900"
2017,548.649056603774,"male","msm","all","all","47900"
2011,40.5899795501022,"female","idu","all","all","47900"
2013,37.1758793969849,"female","idu","all","all","47900"
2014,31.8078401229823,"female","idu","all","all","47900"
2015,17.3004048582996,"female","idu","all","all","47900"
2016,20.9628318584071,"female","idu","all","all","47900"
2017,19.3433962264151,"female","idu","all","all","47900"
2011,55.1411042944785,"male","idu","all","all","47900"
2013,40.6180904522613,"male","idu","all","all","47900"
2014,31.8078401229823,"male","idu","all","all","47900"
2015,24.9894736842105,"male","idu","all","all","47900"
2016,22.9592920353982,"male","idu","all","all","47900"
2017,15.8264150943396,"male","idu","all","all","47900"
2011,0,"female","msm_idu","all","all","47900"
2013,0,"female","msm_idu","all","all","47900"
2014,0,"female","msm_idu","all","all","47900"
2015,0,"female","msm_idu","all","all","47900"
2016,0,"female","msm_idu","all","all","47900"
2017,0,"female","msm_idu","all","all","47900"
2011,29.1022494887526,"male","msm_idu","all","all","47900"
2013,27.5376884422111,"male","msm_idu","all","all","47900"
2014,24.0968485780169,"male","msm_idu","all","all","47900"
2015,14.417004048583,"male","msm_idu","all","all","47900"
2016,36.9345132743363,"male","msm_idu","all","all","47900"
2017,16.7056603773585,"male","msm_idu","all","all","47900"
2011,379.860940695297,"female","heterosexual","all","all","47900"
2013,339.402010050251,"female","heterosexual","all","all","47900"
2014,294.945426594927,"female","heterosexual","all","all","47900"
2015,296.99028340081,"female","heterosexual","all","all","47900"
2016,291.483185840708,"female","heterosexual","all","all","47900"
2017,230.362264150943,"female","heterosexual","all","all","47900"
2011,206.013292433538,"male","heterosexual","all","all","47900"
2013,164.537688442211,"male","heterosexual","all","all","47900"
2014,121.448116833205,"male","heterosexual","all","all","47900"
2015,136.480971659919,"male","heterosexual","all","all","47900"
2016,137.755752212389,"male","heterosexual","all","all","47900"
2017,101.11320754717,"male","heterosexual","all","all","47900"
2010,0,"female","msm","all","all","47900"
2012,0,"female","msm","all","all","47900"
2013,0,"female","msm","all","all","47900"
2014,0,"female","msm","all","all","47900"
2015,0,"female","msm","all","all","47900"
2016,0,"female","msm","all","all","47900"
2010,12176.7234333757,"male","msm","all","all","47900"
2012,13672.8565540722,"male","msm","all","all","47900"
2013,14131.0306235248,"male","msm","all","all","47900"
2014,13645.1802196669,"male","msm","all","all","47900"
2015,15051.5561136625,"male","msm","all","all","47900"
2016,15129.4118971383,"male","msm","all","all","47900"
2010,1644.32085247825,"female","idu","all","all","47900"
2012,1638.92841143267,"female","idu","all","all","47900"
2013,1655.94574407696,"female","idu","all","all","47900"
2014,1286.00990047955,"female","idu","all","all","47900"
2015,1308.053673938,"female","idu","all","all","47900"
2016,1175.29642785671,"female","idu","all","all","47900"
2010,2063.76419982403,"male","idu","all","all","47900"
2012,1992.38921243616,"male","idu","all","all","47900"
2013,1939.57049386036,"male","idu","all","all","47900"
2014,1622.89176506987,"male","idu","all","all","47900"
2015,1589.62787026406,"male","idu","all","all","47900"
2016,1388.56213728237,"male","idu","all","all","47900"
2010,0,"female","msm_idu","all","all","47900"
2012,0,"female","msm_idu","all","all","47900"
2013,0,"female","msm_idu","all","all","47900"
2014,0,"female","msm_idu","all","all","47900"
2015,0,"female","msm_idu","all","all","47900"
2016,0,"female","msm_idu","all","all","47900"
2010,1026.7355557728,"male","msm_idu","all","all","47900"
2012,1086.05752172744,"male","msm_idu","all","all","47900"
2013,1122.16748827343,"male","msm_idu","all","all","47900"
2014,922.763368225648,"male","msm_idu","all","all","47900"
2015,1096.50057405281,"male","msm_idu","all","all","47900"
2016,994.72108264959,"male","msm_idu","all","all","47900"
2010,6254.7666438557,"female","heterosexual","all","all","47900"
2012,6958.81300958695,"female","heterosexual","all","all","47900"
2013,7230.66947506797,"female","heterosexual","all","all","47900"
2014,7411.40102098695,"female","heterosexual","all","all","47900"
2015,8232.69316877153,"female","heterosexual","all","all","47900"
2016,8513.50485291175,"female","heterosexual","all","all","47900"
2010,3155.68931469352,"male","heterosexual","all","all","47900"
2012,3306.95529074456,"male","heterosexual","all","all","47900"
2013,3402.61617519644,"male","heterosexual","all","all","47900"
2014,3516.75372557108,"male","heterosexual","all","all","47900"
2015,3864.56859931114,"male","heterosexual","all","all","47900"
2016,3913.5036021613,"male","heterosexual","all","all","47900"
2011,461.806748466258,"all","msm","black","all","47900"
2013,470.206030150754,"all","msm","black","all","47900"
2014,438.562644119908,"all","msm","black","all","47900"
2015,402.714979757085,"all","msm","black","all","47900"
2016,358.364601769912,"all","msm","black","all","47900"
2017,314.769811320755,"all","msm","black","all","47900"
2011,117.174846625767,"all","msm","hispanic","all","47900"
2013,97.070351758794,"all","msm","hispanic","all","47900"
2014,110.845503458878,"all","msm","hispanic","all","47900"
2015,134.558704453441,"all","msm","hispanic","all","47900"
2016,109.805309734513,"all","msm","hispanic","all","47900"
2017,108.147169811321,"all","msm","hispanic","all","47900"
2011,208.310838445808,"all","msm","other","all","47900"
2013,193.452261306533,"all","msm","other","all","47900"
2014,200.485780169101,"all","msm","other","all","47900"
2015,159.548178137652,"all","msm","other","all","47900"
2016,149.734513274336,"all","msm","other","all","47900"
2017,125.732075471698,"all","msm","other","all","47900"
2011,81.9458077709611,"all","idu","black","all","47900"
2013,68.8442211055276,"all","idu","black","all","47900"
2014,52.0491929285165,"all","idu","black","all","47900"
2015,30.7562753036437,"all","idu","black","all","47900"
2016,34.9380530973451,"all","idu","black","all","47900"
2017,23.7396226415094,"all","idu","black","all","47900"
2011,8.42433537832311,"all","idu","hispanic","all","47900"
2013,2.75376884422111,"all","idu","hispanic","all","47900"
2014,4.81936971560338,"all","idu","hispanic","all","47900"
2015,2.8834008097166,"all","idu","hispanic","all","47900"
2016,2.99469026548673,"all","idu","hispanic","all","47900"
2017,2.6377358490566,"all","idu","hispanic","all","47900"
2011,5.36094069529652,"all","idu","other","all","47900"
2013,6.19597989949749,"all","idu","other","all","47900"
2014,6.74711760184474,"all","idu","other","all","47900"
2015,8.6502024291498,"all","idu","other","all","47900"
2016,5.98938053097345,"all","idu","other","all","47900"
2017,8.79245283018868,"all","idu","other","all","47900"
2011,19.9120654396728,"all","msm_idu","black","all","47900"
2013,14.4572864321608,"all","msm_idu","black","all","47900"
2014,9.63873943120676,"all","msm_idu","black","all","47900"
2015,6.72793522267207,"all","msm_idu","black","all","47900"
2016,18.9663716814159,"all","msm_idu","black","all","47900"
2017,6.15471698113208,"all","msm_idu","black","all","47900"
2011,2.29754601226994,"all","msm_idu","hispanic","all","47900"
2013,2.06532663316583,"all","msm_idu","hispanic","all","47900"
2014,3.85549577248271,"all","msm_idu","hispanic","all","47900"
2015,1.92226720647773,"all","msm_idu","hispanic","all","47900"
2016,6.98761061946903,"all","msm_idu","hispanic","all","47900"
2017,2.6377358490566,"all","msm_idu","hispanic","all","47900"
2011,6.89263803680982,"all","msm_idu","other","all","47900"
2013,11.0150753768844,"all","msm_idu","other","all","47900"
2014,10.6026133743274,"all","msm_idu","other","all","47900"
2015,5.7668016194332,"all","msm_idu","other","all","47900"
2016,10.9805309734513,"all","msm_idu","other","all","47900"
2017,7.91320754716981,"all","msm_idu","other","all","47900"
2011,514.650306748466,"all","heterosexual","black","all","47900"
2013,437.849246231156,"all","heterosexual","black","all","47900"
2014,341.211375864719,"all","heterosexual","black","all","47900"
2015,374.842105263158,"all","heterosexual","black","all","47900"
2016,360.361061946903,"all","heterosexual","black","all","47900"
2017,278.720754716981,"all","heterosexual","black","all","47900"
2011,34.4631901840491,"all","heterosexual","hispanic","all","47900"
2013,28.2261306532663,"all","heterosexual","hispanic","all","47900"
2014,32.771714066103,"all","heterosexual","hispanic","all","47900"
2015,31.7174089068826,"all","heterosexual","hispanic","all","47900"
2016,38.9309734513274,"all","heterosexual","hispanic","all","47900"
2017,25.4981132075472,"all","heterosexual","hispanic","all","47900"
2011,36.760736196319,"all","heterosexual","other","all","47900"
2013,37.8643216080402,"all","heterosexual","other","all","47900"
2014,42.4104534973098,"all","heterosexual","other","all","47900"
2015,26.9117408906883,"all","heterosexual","other","all","47900"
2016,29.9469026548673,"all","heterosexual","other","all","47900"
2017,27.2566037735849,"all","heterosexual","other","all","47900"
2010,6413.45175481474,"all","msm","black","all","47900"
2012,7119.71042021324,"all","msm","black","all","47900"
2013,7312.58594006752,"all","msm","black","all","47900"
2014,6887.03707523333,"all","msm","black","all","47900"
2015,7545.89049942595,"all","msm","black","all","47900"
2016,7750.72968781269,"all","msm","black","all","47900"
2010,1181.9896373057,"all","msm","hispanic","all","47900"
2012,1492.58023474599,"all","msm","hispanic","all","47900"
2013,1614.54710047504,"all","msm","hispanic","all","47900"
2014,1764.96802970144,"all","msm","hispanic","all","47900"
2015,2145.32721010333,"all","msm","hispanic","all","47900"
2016,2159.12072243346,"all","msm","hispanic","all","47900"
2010,4581.28204125525,"all","msm","other","all","47900"
2012,5060.56589911298,"all","msm","other","all","47900"
2013,5203.89758298228,"all","msm","other","all","47900"
2014,4993.17511473212,"all","msm","other","all","47900"
2015,5360.33840413318,"all","msm","other","all","47900"
2016,5219.56148689214,"all","msm","other","all","47900"
2010,3188.28409424186,"all","idu","black","all","47900"
2012,3069.03252396739,"all","idu","black","all","47900"
2013,3026.50509396194,"all","idu","black","all","47900"
2014,2270.29082658691,"all","idu","black","all","47900"
2015,2219.81773823192,"all","idu","black","all","47900"
2016,1969.2052731639,"all","idu","black","all","47900"
2010,174.124743376674,"all","idu","hispanic","all","47900"
2012,172.023295403638,"all","idu","hispanic","all","47900"
2013,177.045263063548,"all","idu","hispanic","all","47900"
2014,175.7644510906,"all","idu","hispanic","all","47900"
2015,195.1651836969,"all","idu","hispanic","all","47900"
2016,172.791925155093,"all","idu","hispanic","all","47900"
2010,345.676214683742,"all","idu","other","all","47900"
2012,390.261804497805,"all","idu","other","all","47900"
2013,391.965880911834,"all","idu","other","all","47900"
2014,462.846387871913,"all","idu","other","all","47900"
2015,482.698622273249,"all","idu","other","all","47900"
2016,421.861366820092,"all","idu","other","all","47900"
2010,683.632613158667,"all","msm_idu","black","all","47900"
2012,669.264761222113,"all","msm_idu","black","all","47900"
2013,677.352275103821,"all","msm_idu","black","all","47900"
2014,517.040426958181,"all","msm_idu","black","all","47900"
2015,662.965700344432,"all","msm_idu","black","all","47900"
2016,586.869871923154,"all","msm_idu","black","all","47900"
2010,66.0473164532212,"all","msm_idu","hispanic","all","47900"
2012,90.7187527999283,"all","msm_idu","hispanic","all","47900"
2013,96.8904424725882,"all","msm_idu","hispanic","all","47900"
2014,96.6704480998298,"all","msm_idu","hispanic","all","47900"
2015,110.24598163031,"all","msm_idu","hispanic","all","47900"
2016,107.411196718031,"all","msm_idu","hispanic","all","47900"
2010,277.055626160915,"all","msm_idu","other","all","47900"
2012,326.074007705403,"all","msm_idu","other","all","47900"
2013,347.924770697021,"all","msm_idu","other","all","47900"
2014,309.052493167638,"all","msm_idu","other","all","47900"
2015,323.288892078071,"all","msm_idu","other","all","47900"
2016,300.440014008405,"all","msm_idu","other","all","47900"
2010,7987.43650405709,"all","heterosexual","black","all","47900"
2012,8550.67037003853,"all","heterosexual","black","all","47900"
2013,8833.76588688715,"all","heterosexual","black","all","47900"
2014,8726.70499664828,"all","heterosexual","black","all","47900"
2015,9507.97101033295,"all","heterosexual","black","all","47900"
2016,9789.98574144487,"all","heterosexual","black","all","47900"
2010,684.490370515202,"all","heterosexual","hispanic","all","47900"
2012,796.784517516352,"all","heterosexual","hispanic","all","47900"
2013,842.066027307221,"all","heterosexual","hispanic","all","47900"
2014,987.210333625535,"all","heterosexual","hispanic","all","47900"
2015,1239.5223880597,"all","heterosexual","hispanic","all","47900"
2016,1259.35736441865,"all","heterosexual","hispanic","all","47900"
2010,738.529083976928,"all","heterosexual","other","all","47900"
2012,918.313412776633,"all","heterosexual","other","all","47900"
2013,957.453736070031,"all","heterosexual","other","all","47900"
2014,1214.23941628423,"all","heterosexual","other","all","47900"
2015,1349.76836969001,"all","heterosexual","other","all","47900"
2016,1377.66534920953,"all","heterosexual","other","all","47900"
2009,65,"female","all","all","all","47900"
2010,31,"female","all","all","all","47900"
2012,16,"female","all","all","all","47900"
2013,31,"female","all","all","all","47900"
2014,109,"female","all","all","all","47900"
2015,41,"female","all","all","all","47900"
2016,20,"female","all","all","all","47900"
2009,202,"male","all","all","all","47900"
2010,182,"male","all","all","all","47900"
2012,285,"male","all","all","all","47900"
2013,216,"male","all","all","all","47900"
2014,224,"male","all","all","all","47900"
2015,67,"male","all","all","all","47900"
2016,84,"male","all","all","all","47900"
2009,267,"all","all","all","all","47900"
2010,213,"all","all","all","all","47900"
2012,301,"all","all","all","all","47900"
2013,247,"all","all","all","all","47900"
2014,333,"all","all","all","all","47900"
2015,108,"all","all","all","all","47900"
2016,104,"all","all","all","all","47900"
2011,273.407975460123,"all","all","all","13-24 years","47900"
2013,242.4534942182,"all","all","all","13-24 years","47900"
2014,221.066974595843,"all","all","all","13-24 years","47900"
2015,233.934306569343,"all","all","all","13-24 years","47900"
2016,198.823737821081,"all","all","all","13-24 years","47900"
2017,185.695939565628,"all","all","all","13-24 years","47900"
2011,387.519427402863,"all","all","all","25-34 years","47900"
2013,418.094519859226,"all","all","all","25-34 years","47900"
2014,390.004618937644,"all","all","all","25-34 years","47900"
2015,390.853203568532,"all","all","all","25-34 years","47900"
2016,376.666076173605,"all","all","all","25-34 years","47900"
2017,327.388101983003,"all","all","all","25-34 years","47900"
2011,353.056237218814,"all","all","all","35-44 years","47900"
2013,311.332327802916,"all","all","all","35-44 years","47900"
2014,297.33025404157,"all","all","all","35-44 years","47900"
2015,263.777777777778,"all","all","all","35-44 years","47900"
2016,240.786536758193,"all","all","all","35-44 years","47900"
2017,201.537299338999,"all","all","all","35-44 years","47900"
2011,327.017382413088,"all","all","all","45-54 years","47900"
2013,261.739567621921,"all","all","all","45-54 years","47900"
2014,206.586605080831,"all","all","all","45-54 years","47900"
2015,180.986212489862,"all","all","all","45-54 years","47900"
2016,178.841452612932,"all","all","all","45-54 years","47900"
2017,123.210576015109,"all","all","all","45-54 years","47900"
2011,156.998977505112,"all","all","all","55+ years","47900"
2013,136.380090497738,"all","all","all","55+ years","47900"
2014,139.011547344111,"all","all","all","55+ years","47900"
2015,117.448499594485,"all","all","all","55+ years","47900"
2016,132.88219663419,"all","all","all","55+ years","47900"
2017,94.1680830972616,"all","all","all","55+ years","47900"
2010,1121.94662234823,"all","all","all","13-24 years","47900"
2012,1242.6757459009,"all","all","all","13-24 years","47900"
2013,1193.47842973231,"all","all","all","13-24 years","47900"
2014,1098.52781931625,"all","all","all","13-24 years","47900"
2015,1163.54204936854,"all","all","all","13-24 years","47900"
2016,1105.24564738843,"all","all","all","13-24 years","47900"
2010,3960.26571512367,"all","all","all","25-34 years","47900"
2012,4249.23214765702,"all","all","all","25-34 years","47900"
2013,4284.19120458891,"all","all","all","25-34 years","47900"
2014,4168.54689836539,"all","all","all","25-34 years","47900"
2015,4710.78099885189,"all","all","all","25-34 years","47900"
2016,4928.46157694617,"all","all","all","25-34 years","47900"
2010,7068.77837520774,"all","all","all","35-44 years","47900"
2012,6791.06890063614,"all","all","all","35-44 years","47900"
2013,6771.55879541109,"all","all","all","35-44 years","47900"
2014,6468.13180013407,"all","all","all","35-44 years","47900"
2015,6848.65915614236,"all","all","all","35-44 years","47900"
2016,6785.58560136082,"all","all","all","35-44 years","47900"
2010,8871.78433864503,"all","all","all","45-54 years","47900"
2012,9682.08726816593,"all","all","all","45-54 years","47900"
2013,9849.94042782027,"all","all","all","45-54 years","47900"
2014,9220.31016346104,"all","all","all","45-54 years","47900"
2015,9937.03645235362,"all","all","all","45-54 years","47900"
2016,9455.29867920752,"all","all","all","45-54 years","47900"
2010,5299.22494867533,"all","all","all","55+ years","47900"
2012,6690.93593764,"all","all","all","55+ years","47900"
2013,7382.83114244742,"all","all","all","55+ years","47900"
2014,7449.48331872325,"all","all","all","55+ years","47900"
2015,8482.98134328358,"all","all","all","55+ years","47900"
2016,8840.40849509706,"all","all","all","55+ years","47900"
2011,1078.31492842536,"all","all","black","all","47900"
2013,991.356783919598,"all","all","black","all","47900"
2014,841.46195234435,"all","all","black","all","47900"
2015,815.041295546559,"all","all","black","all","47900"
2016,772.630088495575,"all","all","black","all","47900"
2017,623.384905660377,"all","all","black","all","47900"
2011,162.359918200409,"all","all","hispanic","all","47900"
2013,130.115577889447,"all","all","hispanic","all","47900"
2014,152.292083013067,"all","all","hispanic","all","47900"
2015,171.081781376518,"all","all","hispanic","all","47900"
2016,158.718584070796,"all","all","hispanic","all","47900"
2017,138.920754716981,"all","all","hispanic","all","47900"
2011,257.325153374233,"all","all","other","all","47900"
2013,248.527638190955,"all","all","other","all","47900"
2014,260.245964642583,"all","all","other","all","47900"
2015,200.876923076923,"all","all","other","all","47900"
2016,196.651327433628,"all","all","other","all","47900"
2017,169.694339622642,"all","all","other","all","47900"
2010,18272.8049662724,"all","all","black","all","47900"
2012,19408.6780754413,"all","all","black","all","47900"
2013,19850.2091960204,"all","all","black","all","47900"
2014,18401.0733254267,"all","all","black","all","47900"
2015,19936.6449483352,"all","all","black","all","47900"
2016,20096.7905743446,"all","all","black","all","47900"
2010,2106.6520676508,"all","all","hispanic","all","47900"
2012,2552.10680046591,"all","all","hispanic","all","47900"
2013,2730.54883331839,"all","all","hispanic","all","47900"
2014,3024.6132625174,"all","all","hispanic","all","47900"
2015,3690.26076349024,"all","all","hispanic","all","47900"
2016,3698.68120872524,"all","all","hispanic","all","47900"
2010,5942.54296607684,"all","all","other","all","47900"
2012,6695.21512409282,"all","all","other","all","47900"
2013,6901.24197066117,"all","all","other","all","47900"
2014,6979.3134120559,"all","all","other","all","47900"
2015,7516.09428817451,"all","all","other","all","47900"
2016,7319.52821693016,"all","all","other","all","47900"
2011,787.292433537832,"all","msm","all","all","47900"
2013,760.72864321608,"all","msm","all","all","47900"
2014,749.893927747886,"all","msm","all","all","47900"
2015,696.821862348178,"all","msm","all","all","47900"
2016,617.904424778761,"all","msm","all","all","47900"
2017,548.649056603774,"all","msm","all","all","47900"
2011,95.7310838445808,"all","idu","all","all","47900"
2013,77.7939698492462,"all","idu","all","all","47900"
2014,63.6156802459646,"all","idu","all","all","47900"
2015,42.2898785425101,"all","idu","all","all","47900"
2016,43.9221238938053,"all","idu","all","all","47900"
2017,35.1698113207547,"all","idu","all","all","47900"
2011,29.1022494887526,"all","msm_idu","all","all","47900"
2013,27.5376884422111,"all","msm_idu","all","all","47900"
2014,24.0968485780169,"all","msm_idu","all","all","47900"
2015,14.417004048583,"all","msm_idu","all","all","47900"
2016,36.9345132743363,"all","msm_idu","all","all","47900"
2017,16.7056603773585,"all","msm_idu","all","all","47900"
2011,585.874233128834,"all","heterosexual","all","all","47900"
2013,503.939698492462,"all","heterosexual","all","all","47900"
2014,416.393543428132,"all","heterosexual","all","all","47900"
2015,433.471255060729,"all","heterosexual","all","all","47900"
2016,429.238938053097,"all","heterosexual","all","all","47900"
2017,331.475471698113,"all","heterosexual","all","all","47900"
2010,12176.7234333757,"all","msm","all","all","47900"
2012,13672.8565540722,"all","msm","all","all","47900"
2013,14131.0306235248,"all","msm","all","all","47900"
2014,13645.1802196669,"all","msm","all","all","47900"
2015,15051.5561136625,"all","msm","all","all","47900"
2016,15129.4118971383,"all","msm","all","all","47900"
2010,3708.08505230228,"all","idu","all","all","47900"
2012,3631.31762386883,"all","idu","all","all","47900"
2013,3595.51623793732,"all","idu","all","all","47900"
2014,2908.90166554943,"all","idu","all","all","47900"
2015,2897.68154420207,"all","idu","all","all","47900"
2016,2563.85856513908,"all","idu","all","all","47900"
2010,1026.7355557728,"all","msm_idu","all","all","47900"
2012,1086.05752172744,"all","msm_idu","all","all","47900"
2013,1122.16748827343,"all","msm_idu","all","all","47900"
2014,922.763368225648,"all","msm_idu","all","all","47900"
2015,1096.50057405281,"all","msm_idu","all","all","47900"
2016,994.72108264959,"all","msm_idu","all","all","47900"
2010,9410.45595854922,"all","heterosexual","all","all","47900"
2012,10265.7683003315,"all","heterosexual","all","all","47900"
2013,10633.2856502644,"all","heterosexual","all","all","47900"
2014,10928.154746558,"all","heterosexual","all","all","47900"
2015,12097.2617680827,"all","heterosexual","all","all","47900"
2016,12427.008455073,"all","heterosexual","all","all","47900"
2010,0.86125,"all","all","all","all","47900"
2011,0.8695,"all","all","all","all","47900"
2012,0.888,"all","all","all","all","47900"
2013,0.8745,"all","all","all","all","47900"
2014,0.87075,"all","all","all","all","47900"
2015,0.86775,"all","all","all","all","47900"
2016,0.8655,"all","all","all","all","47900"
